{"BTC_STEEM":{"Poloniex":{"bid":0.00337053,"ask":0.00339978,"volume":261.34743114,"last":0.00339979,"change":-0.0001342099749070502},"Bittrex":{"bid":0.00335325,"ask":0.00345216,"volume":87.24138655,"last":0.00345296,"change":-0.00014614999999999984}},"ETH_STEEM":{"Poloniex":{"bid":0.17630007,"ask":0.17990289,"volume":1335.28423805,"last":0.17630009,"change":-0.013699908060125804}},"BTC_SBD":{"Poloniex":{"bid":0.00154155,"ask":0.00154995,"volume":171.65073356,"last":0.00154726,"change":0.00009739999995689568},"Bittrex":{"bid":0.00155329,"ask":0.00155492,"volume":54.78263286,"last":0.00155492,"change":0.00011665999999999998}},"SBD_STEEM":{"Internal":{"bid":2.169230769230769,"ask":2.169999561198805,"volume":0,"last":2.169615165214787,"change":0}},"BTC_USD":588.4238}